34.91.79.13,nat-auto-ip-1835889-0-1634106488256358,europe-west4
34.66.32.173,nat-auto-ip-129222-15-1717705128078196,us-central1
34.136.122.9,nat-auto-ip-1606794-14-1718648888402697,us-central1
34.91.161.144,nat-auto-ip-6665302-4-1632895781361674,europe-west4
104.199.9.18,nat-auto-ip-13915525-1-1677691204876350,europe-west1
34.22.164.52,nat-auto-ip-10650183-2-1722357920902435,europe-west1
34.34.165.167,nat-auto-ip-10547210-1-1722736896758061,europe-west1
34.88.33.181,nat-auto-ip-1835889-5-1640613335550589,europe-north1
34.72.107.176,nat-auto-ip-369439-4-1717720663192449,us-central1
34.88.52.172,nat-auto-ip-6665302-1-1633156206981295,europe-north1
